Tipo,Rubro,Subregion,Año,Municipio,Área Total,Área Producción,Volumen Producción
Transitorios,Ajo,Valle de Aburra,1999,Medellín,2.20,2.20,13.20
Permanentes,Caña,Valle de Aburra,1999,Medellín,65.00,65.00,338.00
Transitorios,Cebolla Cabezona,Valle de Aburra,1999,Medellín,20.00,18.20,254.80
Permanentes,Cebolla Junca,Valle de Aburra,1999,Medellín,51.30,51.30,846.50
Transitorios,Cilantro,Valle de Aburra,1999,Medellín,40.20,36.20,235.40
Permanentes,Col,Valle de Aburra,1999,Medellín,13.90,12.60,63.00
Transitorios,Espinaca,Valle de Aburra,1999,Medellín,19.00,17.20,309.60
Transitorios,Fríjol Arbustivo,Valle de Aburra,1999,Medellín,64.40,58.60,105.40
Transitorios,Habichuela,Valle de Aburra,1999,Medellín,42.80,39.00,273.00
Transitorios,Lechuga,Valle de Aburra,1999,Medellín,11.60,7.60,152.00
Permanentes,Mora,Valle de Aburra,1999,Medellín,71.40,71.40,499.80
Transitorios,Papa,Valle de Aburra,1999,Medellín,149.00,135.40,2437.20
Transitorios,Pepino,Valle de Aburra,1999,Medellín,10.20,9.20,138.00
Transitorios,Pimentón,Valle de Aburra,1999,Medellín,25.20,22.80,456.00
Permanentes,Plátano En Asocio,Valle de Aburra,1999,Medellín,153.00,153.00,1377.00
Transitorios,Remolacha,Valle de Aburra,1999,Medellín,15.00,13.60,204.00
Transitorios,Repollo,Valle de Aburra,1999,Medellín,3.90,3.60,144.00
Transitorios,Tomate Chonto,Valle de Aburra,1999,Medellín,40.20,36.40,655.20
Permanentes,Tomate De Árbol,Valle de Aburra,1999,Medellín,4.90,4.90,83.30
Transitorios,Zanahoria,Valle de Aburra,1999,Medellín,2.40,2.20,26.40
Transitorios,Ajo,Valle de Aburra,2000,Medellín,2.40,2.00,12.00
Transitorios,Apio,Valle de Aburra,2000,Medellín,28.00,25.20,504.00
Permanentes,Café,Valle de Aburra,2000,Medellín,1082.00,496.00,396.80
Permanentes,Caña,Valle de Aburra,2000,Medellín,65.00,58.50,304.20
Transitorios,Cebolla Cabezona,Valle de Aburra,2000,Medellín,22.00,19.80,277.20
Permanentes,Cebolla Junca,Valle de Aburra,2000,Medellín,69.10,45.60,752.40
Transitorios,Cilantro,Valle de Aburra,2000,Medellín,48.20,43.20,259.20
Permanentes,Col,Valle de Aburra,2000,Medellín,14.30,12.20,61.00
Transitorios,Coliflor,Valle de Aburra,2000,Medellín,8.00,7.20,151.20
Transitorios,Espinaca,Valle de Aburra,2000,Medellín,20.00,18.00,324.00
Transitorios,Fríjol Voluble,Valle de Aburra,2000,Medellín,82.00,73.80,136.00
Transitorios,Habichuela,Valle de Aburra,2000,Medellín,44.00,39.60,277.20
Transitorios,Lechuga,Valle de Aburra,2000,Medellín,13.00,11.60,232.00
Permanentes,Mora,Valle de Aburra,2000,Medellín,128.00,69.40,485.80
Transitorios,Papa,Valle de Aburra,2000,Medellín,150.00,135.00,2430.00
Transitorios,Pepino,Valle de Aburra,2000,Medellín,12.00,10.80,162.00
Transitorios,Pimentón,Valle de Aburra,2000,Medellín,30.10,27.00,405.00
Permanentes,Plátano En Asocio,Valle de Aburra,2000,Medellín,156.00,137.00,959.00
Transitorios,Remolacha,Valle de Aburra,2000,Medellín,16.00,14.40,216.00
Transitorios,Repollo,Valle de Aburra,2000,Medellín,4.30,4.00,160.00
Transitorios,Tomate Chonto,Valle de Aburra,2000,Medellín,42.00,37.80,680.40
Permanentes,Tomate De Árbol,Valle de Aburra,2000,Medellín,13.50,4.40,105.60
Anuales,Yuca,Valle de Aburra,2000,Medellín,22.00,19.00,380.00
Transitorios,Zanahoria,Valle de Aburra,2000,Medellín,6.00,5.40,64.80
Transitorios,Ajo,Valle de Aburra,2001,Medellín,2.60,2.20,15.40
Transitorios,Apio,Valle de Aburra,2001,Medellín,29.00,26.60,532.00
Permanentes,Café,Valle de Aburra,2001,Medellín,1072.00,1072.00,857.60
Permanentes,Caña,Valle de Aburra,2001,Medellín,71.00,55.00,286.00
Transitorios,Cebolla Cabezona,Valle de Aburra,2001,Medellín,23.00,20.60,288.40
Permanentes,Cebolla Junca,Valle de Aburra,2001,Medellín,45.60,45.60,843.60
Transitorios,Cilantro,Valle de Aburra,2001,Medellín,51.50,46.60,279.60
Permanentes,Col,Valle de Aburra,2001,Medellín,14.30,14.30,71.50
Transitorios,Coliflor,Valle de Aburra,2001,Medellín,9.00,8.60,180.60
Transitorios,Espinaca,Valle de Aburra,2001,Medellín,24.00,21.60,401.40
Transitorios,Fríjol Voluble,Valle de Aburra,2001,Medellín,73.50,66.10,125.00
Transitorios,Habichuela,Valle de Aburra,2001,Medellín,45.00,40.40,282.80
Transitorios,Lechuga,Valle de Aburra,2001,Medellín,14.00,12.60,252.00
Permanentes,Mora,Valle de Aburra,2001,Medellín,117.00,115.00,805.00
Transitorios,Papa,Valle de Aburra,2001,Medellín,152.00,136.80,2462.40
Transitorios,Pepino,Valle de Aburra,2001,Medellín,13.00,11.60,174.00
Transitorios,Pimentón,Valle de Aburra,2001,Medellín,35.50,31.90,638.00
Permanentes,Plátano En Asocio,Valle de Aburra,2001,Medellín,158.00,156.00,1092.00
Transitorios,Remolacha,Valle de Aburra,2001,Medellín,16.20,14.50,217.50
Transitorios,Repollo,Valle de Aburra,2001,Medellín,6.50,5.80,232.00
Transitorios,Tomate Chonto,Valle de Aburra,2001,Medellín,43.00,38.60,694.80
Permanentes,Tomate De Árbol,Valle de Aburra,2001,Medellín,15.60,12.10,290.40
Anuales,Yuca,Valle de Aburra,2001,Medellín,22.00,19.80,396.00
Transitorios,Zanahoria,Valle de Aburra,2001,Medellín,8.20,7.30,87.60
Transitorios,Ajo,Valle de Aburra,2002,Medellín,2.80,2.40,15.70
Transitorios,Apio,Valle de Aburra,2002,Medellín,29.00,27.00,540.00
Permanentes,Café,Valle de Aburra,2002,Medellín,1062.00,1062.00,849.60
Permanentes,Caña,Valle de Aburra,2002,Medellín,73.00,68.00,408.00
Transitorios,Cebolla Cabezona,Valle de Aburra,2002,Medellín,23.50,21.10,295.40
Permanentes,Cebolla Junca,Valle de Aburra,2002,Medellín,50.60,45.60,684.00
Transitorios,Cilantro,Valle de Aburra,2002,Medellín,50.50,45.90,275.40
Permanentes,Col,Valle de Aburra,2002,Medellín,14.30,14.30,71.50
Transitorios,Coliflor,Valle de Aburra,2002,Medellín,9.20,8.20,172.20
Transitorios,Espinaca,Valle de Aburra,2002,Medellín,21.50,19.30,347.40
Transitorios,Fríjol Voluble,Valle de Aburra,2002,Medellín,68.50,62.10,124.20
Transitorios,Habichuela,Valle de Aburra,2002,Medellín,46.00,41.40,289.80
Transitorios,Lechuga,Valle de Aburra,2002,Medellín,14.80,13.20,264.00
Permanentes,Mora,Valle de Aburra,2002,Medellín,120.00,115.00,805.00
Transitorios,Papa,Valle de Aburra,2002,Medellín,153.00,137.70,2478.60
Transitorios,Pepino,Valle de Aburra,2002,Medellín,14.50,13.00,195.00
Transitorios,Pimentón,Valle de Aburra,2002,Medellín,32.00,28.80,576.00
Permanentes,Plátano En Asocio,Valle de Aburra,2002,Medellín,160.00,158.00,1106.00
Transitorios,Remolacha,Valle de Aburra,2002,Medellín,16.50,14.70,220.50
Transitorios,Repollo,Valle de Aburra,2002,Medellín,5.20,4.60,184.00
Transitorios,Tomate Chonto,Valle de Aburra,2002,Medellín,43.50,39.10,703.80
Permanentes,Tomate De Árbol,Valle de Aburra,2002,Medellín,16.60,15.60,312.00
Anuales,Yuca,Valle de Aburra,2002,Medellín,19.80,19.80,396.00
Transitorios,Zanahoria,Valle de Aburra,2002,Medellín,7.00,6.20,74.40
Transitorios,Ajo,Valle de Aburra,2003,Medellín,3.10,2.70,18.90
Transitorios,Apio,Valle de Aburra,2003,Medellín,30.50,27.90,414.00
Permanentes,Café,Valle de Aburra,2003,Medellín,1047.00,1047.00,837.60
Permanentes,Caña,Valle de Aburra,2003,Medellín,80.00,78.00,624.00
Transitorios,Cebolla Cabezona,Valle de Aburra,2003,Medellín,24.00,21.60,302.40
Permanentes,Cebolla Junca,Valle de Aburra,2003,Medellín,58.00,55.00,825.00
Transitorios,Chócolo,Valle de Aburra,2003,Medellín,23.00,20.70,372.60
Transitorios,Cilantro,Valle de Aburra,2003,Medellín,52.20,46.80,280.80
Permanentes,Col,Valle de Aburra,2003,Medellín,14.30,14.30,71.50
Transitorios,Coliflor,Valle de Aburra,2003,Medellín,9.60,8.60,180.60
Transitorios,Fríjol Voluble,Valle de Aburra,2003,Medellín,69.50,63.00,126.00
Transitorios,Habichuela,Valle de Aburra,2003,Medellín,46.50,41.80,292.60
Transitorios,Lechuga,Valle de Aburra,2003,Medellín,15.00,13.40,268.00
Permanentes,Mora,Valle de Aburra,2003,Medellín,129.00,125.00,875.00
Transitorios,Papa,Valle de Aburra,2003,Medellín,154.50,139.00,2502.00
Transitorios,Pepino,Valle de Aburra,2003,Medellín,15.00,13.40,201.00
Transitorios,Pimentón,Valle de Aburra,2003,Medellín,32.10,28.80,345.60
Permanentes,Plátano En Asocio,Valle de Aburra,2003,Medellín,164.00,160.00,1120.00
Transitorios,Remolacha,Valle de Aburra,2003,Medellín,16.80,15.00,225.00
Transitorios,Repollo,Valle de Aburra,2003,Medellín,5.20,4.60,184.00
Transitorios,Tomate Chonto,Valle de Aburra,2003,Medellín,44.50,40.00,720.00
Permanentes,Tomate De Árbol,Valle de Aburra,2003,Medellín,22.60,16.60,332.00
Anuales,Yuca,Valle de Aburra,2003,Medellín,22.00,19.80,396.00
Transitorios,Zanahoria,Valle de Aburra,2003,Medellín,7.20,6.40,76.80
Permanentes,Aguacate,Valle de Aburra,2004,Medellín,7.00,0.00,0.00
Transitorios,Ajo,Valle de Aburra,2004,Medellín,4.00,4.00,28.00
Transitorios,Apio,Valle de Aburra,2004,Medellín,32.00,28.40,568.00
Permanentes,Café,Valle de Aburra,2004,Medellín,1027.00,1027.00,821.60
Permanentes,Caña,Valle de Aburra,2004,Medellín,82.00,81.00,486.00
Transitorios,Cebolla Cabezona,Valle de Aburra,2004,Medellín,24.00,22.00,308.00
Permanentes,Cebolla Junca,Valle de Aburra,2004,Medellín,65.00,60.00,780.00
Transitorios,Cilantro,Valle de Aburra,2004,Medellín,56.00,50.00,300.00
Permanentes,Cítricos,Valle de Aburra,2004,Medellín,9.00,0.00,0.00
Permanentes,Col,Valle de Aburra,2004,Medellín,16.00,16.00,80.00
Transitorios,Coliflor,Valle de Aburra,2004,Medellín,11.00,9.00,189.00
Transitorios,Espinaca,Valle de Aburra,2004,Medellín,26.00,24.00,432.00
Permanentes,Fresa,Valle de Aburra,2004,Medellín,5.00,5.00,25.00
Transitorios,Fríjol Arbustivo,Valle de Aburra,2004,Medellín,35.00,33.00,49.50
Transitorios,Fríjol Voluble,Valle de Aburra,2004,Medellín,73.00,68.00,136.00
Transitorios,Habichuela,Valle de Aburra,2004,Medellín,47.00,44.00,308.00
Transitorios,Lechuga,Valle de Aburra,2004,Medellín,16.00,14.00,280.00
Permanentes,Mora,Valle de Aburra,2004,Medellín,131.00,127.00,889.00
Transitorios,Papa,Valle de Aburra,2004,Medellín,156.00,150.00,2700.00
Transitorios,Pepino,Valle de Aburra,2004,Medellín,16.00,14.00,210.00
Transitorios,Pimentón,Valle de Aburra,2004,Medellín,33.00,31.00,500.00
Permanentes,Plátano En Asocio,Valle de Aburra,2004,Medellín,167.00,165.00,1650.00
Transitorios,Remolacha,Valle de Aburra,2004,Medellín,18.00,16.00,240.00
Transitorios,Repollo,Valle de Aburra,2004,Medellín,10.00,8.00,320.00
Transitorios,Tomate Chonto,Valle de Aburra,2004,Medellín,46.00,42.00,756.00
Permanentes,Tomate De Árbol,Valle de Aburra,2004,Medellín,30.00,25.00,250.00
Anuales,Yuca,Valle de Aburra,2004,Medellín,23.00,21.00,420.00
Transitorios,Zanahoria,Valle de Aburra,2004,Medellín,8.00,6.00,72.00
Permanentes,Aguacate,Valle de Aburra,2005,Medellín,10.00,0.00,0.00
Transitorios,Ajo,Valle de Aburra,2005,Medellín,5.00,5.00,35.00
Transitorios,Apio,Valle de Aburra,2005,Medellín,32.00,32.00,640.00
Permanentes,Brevo,Valle de Aburra,2005,Medellín,5.00,2.00,18.00
Permanentes,Café,Valle de Aburra,2005,Medellín,1078.00,1027.00,1232.40
Permanentes,Caña,Valle de Aburra,2005,Medellín,82.00,80.00,480.00
Transitorios,Cebolla Cabezona,Valle de Aburra,2005,Medellín,24.00,24.00,336.00
Permanentes,Cebolla Junca,Valle de Aburra,2005,Medellín,65.00,65.00,845.00
Transitorios,Cilantro,Valle de Aburra,2005,Medellín,56.00,56.00,336.00
Permanentes,Cítricos,Valle de Aburra,2005,Medellín,20.00,0.00,0.00
Permanentes,Col,Valle de Aburra,2005,Medellín,16.00,16.00,80.00
Transitorios,Coliflor,Valle de Aburra,2005,Medellín,10.00,10.00,210.00
Transitorios,Espinaca,Valle de Aburra,2005,Medellín,28.00,28.00,504.00
Permanentes,Fresa,Valle de Aburra,2005,Medellín,12.00,12.00,84.00
Transitorios,Fríjol Arbustivo,Valle de Aburra,2005,Medellín,74.00,74.00,148.00
Transitorios,Fríjol Voluble,Valle de Aburra,2005,Medellín,36.00,36.00,54.00
Permanentes,Guayaba Manzána,Valle de Aburra,2005,Medellín,2.00,0.00,0.00
Transitorios,Habichuela,Valle de Aburra,2005,Medellín,48.00,48.00,336.00
Transitorios,Lechuga,Valle de Aburra,2005,Medellín,16.00,16.00,320.00
Permanentes,Mango,Valle de Aburra,2005,Medellín,1.00,0.00,0.00
Permanentes,Mora,Valle de Aburra,2005,Medellín,133.00,131.00,917.00
Transitorios,Papa,Valle de Aburra,2005,Medellín,114.00,114.00,2052.00
Transitorios,Pepino,Valle de Aburra,2005,Medellín,16.00,16.00,240.00
Transitorios,Pimentón,Valle de Aburra,2005,Medellín,34.00,34.00,408.00
Permanentes,Plátano En Asocio,Valle de Aburra,2005,Medellín,170.00,167.00,1670.00
Transitorios,Remolacha,Valle de Aburra,2005,Medellín,18.00,18.00,270.00
Transitorios,Repollo,Valle de Aburra,2005,Medellín,10.00,10.00,400.00
Transitorios,Tomate Chonto,Valle de Aburra,2005,Medellín,46.00,46.00,828.00
Permanentes,Tomate De Árbol,Valle de Aburra,2005,Medellín,34.00,30.00,300.00
Anuales,Yuca,Valle de Aburra,2005,Medellín,23.00,23.00,460.00
Transitorios,Zanahoria,Valle de Aburra,2005,Medellín,12.00,12.00,144.00
Permanentes,Aguacate,Valle de Aburra,2006,Medellín,10.00,0.00,0.00
Transitorios,Ajo,Valle de Aburra,2006,Medellín,6.00,6.00,42.00
Transitorios,Apio,Valle de Aburra,2006,Medellín,32.00,32.00,640.00
Permanentes,Brevo,Valle de Aburra,2006,Medellín,5.00,2.00,18.00
Permanentes,Café,Valle de Aburra,2006,Medellín,825.60,786.54,943.85
Permanentes,Caña,Valle de Aburra,2006,Medellín,84.00,80.00,480.00
Transitorios,Cebolla Cabezona,Valle de Aburra,2006,Medellín,24.00,24.00,336.00
Permanentes,Cebolla Junca,Valle de Aburra,2006,Medellín,65.00,65.00,845.00
Transitorios,Cilantro,Valle de Aburra,2006,Medellín,56.00,56.00,336.00
Permanentes,Cítricos,Valle de Aburra,2006,Medellín,11.00,0.00,0.00
Transitorios,Coliflor,Valle de Aburra,2006,Medellín,10.00,10.00,210.00
Transitorios,Espinaca,Valle de Aburra,2006,Medellín,28.00,28.00,504.00
Permanentes,Fresa,Valle de Aburra,2006,Medellín,12.00,12.00,84.00
Transitorios,Fríjol Voluble,Valle de Aburra,2006,Medellín,113.00,113.00,208.00
Permanentes,Guayaba Manzána,Valle de Aburra,2006,Medellín,2.00,0.00,0.00
Transitorios,Habichuela,Valle de Aburra,2006,Medellín,48.00,48.00,336.00
Transitorios,Lechuga,Valle de Aburra,2006,Medellín,16.00,16.00,320.00
Permanentes,Mango,Valle de Aburra,2006,Medellín,1.00,0.00,0.00
Permanentes,Mora,Valle de Aburra,2006,Medellín,133.00,131.00,917.00
Transitorios,Papa,Valle de Aburra,2006,Medellín,114.00,114.00,2052.00
Transitorios,Pepino,Valle de Aburra,2006,Medellín,16.00,16.00,240.00
Transitorios,Pimentón,Valle de Aburra,2006,Medellín,34.00,34.00,408.00
Permanentes,Plátano En Asocio,Valle de Aburra,2006,Medellín,169.00,167.00,1670.00
Transitorios,Remolacha,Valle de Aburra,2006,Medellín,18.00,18.00,270.00
Transitorios,Repollo,Valle de Aburra,2006,Medellín,10.00,10.00,400.00
Transitorios,Tomate Chonto,Valle de Aburra,2006,Medellín,46.00,46.00,828.00
Permanentes,Tomate De Árbol,Valle de Aburra,2006,Medellín,37.00,30.00,300.00
Anuales,Yuca,Valle de Aburra,2006,Medellín,23.00,23.00,460.00
Transitorios,Zanahoria,Valle de Aburra,2006,Medellín,12.00,12.00,144.00
Permanentes,Aguacate,Valle de Aburra,2007,Medellín,10.00,0.00,0.00
Transitorios,Ajo,Valle de Aburra,2007,Medellín,5.00,5.00,35.00
Transitorios,Apio,Valle de Aburra,2007,Medellín,32.00,32.00,640.00
Permanentes,Brevo,Valle de Aburra,2007,Medellín,5.00,5.00,45.00
Permanentes,Café,Valle de Aburra,2007,Medellín,1078.00,1027.00,821.60
Permanentes,Caña,Valle de Aburra,2007,Medellín,84.00,84.00,504.00
Transitorios,Cebolla Cabezona,Valle de Aburra,2007,Medellín,24.00,24.00,336.00
Permanentes,Cebolla Junca,Valle de Aburra,2007,Medellín,65.00,65.00,845.00
Transitorios,Cilantro,Valle de Aburra,2007,Medellín,56.00,56.00,336.00
Permanentes,Col,Valle de Aburra,2007,Medellín,16.00,16.00,80.00
Transitorios,Coliflor,Valle de Aburra,2007,Medellín,10.00,10.00,210.00
Transitorios,Espinaca,Valle de Aburra,2007,Medellín,28.00,28.00,504.00
Permanentes,Fresa,Valle de Aburra,2007,Medellín,12.00,12.00,84.00
Transitorios,Fríjol Arbustivo,Valle de Aburra,2007,Medellín,36.00,36.00,54.00
Transitorios,Fríjol Voluble,Valle de Aburra,2007,Medellín,74.00,74.00,148.00
Permanentes,Guayaba Manzána,Valle de Aburra,2007,Medellín,2.00,0.00,0.00
Transitorios,Habichuela,Valle de Aburra,2007,Medellín,20.00,20.00,140.00
Transitorios,Lechuga,Valle de Aburra,2007,Medellín,16.00,16.00,320.00
Permanentes,Mandarina Oneco,Valle de Aburra,2007,Medellín,11.00,11.00,165.00
Permanentes,Mango,Valle de Aburra,2007,Medellín,8.00,8.00,80.00
Permanentes,Mora,Valle de Aburra,2007,Medellín,133.00,131.00,917.00
Transitorios,Papa,Valle de Aburra,2007,Medellín,97.00,97.00,1746.00
Transitorios,Pepino,Valle de Aburra,2007,Medellín,16.00,16.00,240.00
Transitorios,Pimentón,Valle de Aburra,2007,Medellín,34.00,34.00,408.00
Permanentes,Plátano En Asocio,Valle de Aburra,2007,Medellín,171.00,169.00,1690.00
Transitorios,Remolacha,Valle de Aburra,2007,Medellín,18.00,18.00,270.00
Transitorios,Repollo,Valle de Aburra,2007,Medellín,10.00,10.00,400.00
Transitorios,Tomate Chonto,Valle de Aburra,2007,Medellín,46.00,46.00,828.00
Permanentes,Tomate De Árbol,Valle de Aburra,2007,Medellín,44.00,39.00,390.00
Anuales,Yuca,Valle de Aburra,2007,Medellín,23.00,23.00,460.00
Transitorios,Zanahoria,Valle de Aburra,2007,Medellín,12.00,12.00,144.00
Permanentes,Aguacate,Valle de Aburra,2008,Medellín,10.00,0.00,0.00
Transitorios,Ajo,Valle de Aburra,2008,Medellín,7.00,7.00,49.00
Transitorios,Apio,Valle de Aburra,2008,Medellín,32.00,32.00,640.00
Permanentes,Brevo,Valle de Aburra,2008,Medellín,5.00,5.00,45.00
Permanentes,Café,Valle de Aburra,2008,Medellín,1078.00,1027.00,821.60
Permanentes,Caña,Valle de Aburra,2008,Medellín,84.00,84.00,504.00
Transitorios,Cebolla Cabezona,Valle de Aburra,2008,Medellín,24.00,24.00,336.00
Permanentes,Cebolla Junca,Valle de Aburra,2008,Medellín,67.00,65.00,845.00
Transitorios,Cilantro,Valle de Aburra,2008,Medellín,58.00,58.00,348.00
Permanentes,Col,Valle de Aburra,2008,Medellín,16.00,16.00,80.00
Transitorios,Coliflor,Valle de Aburra,2008,Medellín,10.00,10.00,210.00
Transitorios,Espinaca,Valle de Aburra,2008,Medellín,29.00,29.00,522.00
Permanentes,Fresa,Valle de Aburra,2008,Medellín,13.00,10.00,70.00
Transitorios,Fríjol Arbustivo,Valle de Aburra,2008,Medellín,36.00,36.00,54.00
Transitorios,Fríjol Voluble,Valle de Aburra,2008,Medellín,74.00,74.00,148.00
Permanentes,Guayaba Manzána,Valle de Aburra,2008,Medellín,2.00,2.00,4.00
Transitorios,Habichuela,Valle de Aburra,2008,Medellín,22.00,22.00,154.00
Transitorios,Lechuga,Valle de Aburra,2008,Medellín,24.00,24.00,360.00
Permanentes,Mandarina Oneco,Valle de Aburra,2008,Medellín,17.00,11.00,165.00
Permanentes,Mango,Valle de Aburra,2008,Medellín,8.00,8.00,80.00
Permanentes,Mora,Valle de Aburra,2008,Medellín,133.00,131.00,917.00
Transitorios,Papa,Valle de Aburra,2008,Medellín,70.00,70.00,1260.00
Transitorios,Pepino,Valle de Aburra,2008,Medellín,16.00,16.00,240.00
Transitorios,Pimentón,Valle de Aburra,2008,Medellín,34.00,34.00,408.00
Permanentes,Plátano En Asocio,Valle de Aburra,2008,Medellín,171.00,169.00,1690.00
Transitorios,Remolacha,Valle de Aburra,2008,Medellín,18.00,18.00,270.00
Transitorios,Repollo,Valle de Aburra,2008,Medellín,10.00,10.00,300.00
Transitorios,Tomate Chonto,Valle de Aburra,2008,Medellín,48.00,48.00,864.00
Permanentes,Tomate De Árbol,Valle de Aburra,2008,Medellín,44.00,39.00,390.00
Anuales,Yuca,Valle de Aburra,2008,Medellín,23.00,23.00,460.00
Transitorios,Zanahoria,Valle de Aburra,2008,Medellín,12.00,12.00,144.00
Permanentes,Aguacate,Valle de Aburra,2009,Medellín,12.00,6.00,36.00
Transitorios,Ajo,Valle de Aburra,2009,Medellín,8.00,8.00,40.00
Transitorios,Apio,Valle de Aburra,2009,Medellín,32.00,32.00,640.00
Permanentes,Brevo,Valle de Aburra,2009,Medellín,5.00,5.00,45.00
Permanentes,Café,Valle de Aburra,2009,Medellín,1078.00,1027.00,821.60
Permanentes,Caña,Valle de Aburra,2009,Medellín,84.00,84.00,504.00
Transitorios,Cebolla Cabezona,Valle de Aburra,2009,Medellín,24.00,24.00,336.00
Permanentes,Cebolla Junca,Valle de Aburra,2009,Medellín,67.00,67.00,871.00
Transitorios,Cilantro,Valle de Aburra,2009,Medellín,60.00,60.00,360.00
Permanentes,Col,Valle de Aburra,2009,Medellín,16.00,16.00,80.00
Transitorios,Coliflor,Valle de Aburra,2009,Medellín,10.00,10.00,210.00
Transitorios,Espinaca,Valle de Aburra,2009,Medellín,30.00,30.00,540.00
Permanentes,Fresa,Valle de Aburra,2009,Medellín,13.00,13.00,91.00
Transitorios,Fríjol Arbustivo,Valle de Aburra,2009,Medellín,18.00,18.00,27.00
Transitorios,Fríjol Voluble,Valle de Aburra,2009,Medellín,74.00,74.00,148.00
Permanentes,Guayaba Manzána,Valle de Aburra,2009,Medellín,2.00,2.00,8.00
Transitorios,Habichuela,Valle de Aburra,2009,Medellín,24.00,24.00,168.00
Transitorios,Lechuga,Valle de Aburra,2009,Medellín,12.00,12.00,180.00
Permanentes,Limón Tahití,Valle de Aburra,2009,Medellín,5.00,3.00,24.00
Permanentes,Mandarina Oneco,Valle de Aburra,2009,Medellín,6.00,4.00,24.00
Permanentes,Mango,Valle de Aburra,2009,Medellín,8.00,8.00,80.00
Permanentes,Mora,Valle de Aburra,2009,Medellín,133.00,133.00,931.00
Permanentes,Naranja Valencia,Valle de Aburra,2009,Medellín,6.00,4.00,28.00
Transitorios,Papa,Valle de Aburra,2009,Medellín,90.00,90.00,1620.00
Transitorios,Pepino,Valle de Aburra,2009,Medellín,16.00,16.00,240.00
Transitorios,Pimentón,Valle de Aburra,2009,Medellín,34.00,34.00,408.00
Permanentes,Plátano En Asocio,Valle de Aburra,2009,Medellín,171.00,171.00,1026.00
Transitorios,Remolacha,Valle de Aburra,2009,Medellín,18.00,18.00,270.00
Transitorios,Repollo,Valle de Aburra,2009,Medellín,12.00,12.00,360.00
Transitorios,Tomate Chonto,Valle de Aburra,2009,Medellín,25.00,25.00,450.00
Transitorios,Tomate Chonto Bajo Invernadero,Valle de Aburra,2009,Medellín,25.00,25.00,2900.00
Permanentes,Tomate De Árbol,Valle de Aburra,2009,Medellín,44.00,44.00,440.00
Anuales,Yuca,Valle de Aburra,2009,Medellín,23.00,23.00,460.00
Transitorios,Zanahoria,Valle de Aburra,2009,Medellín,12.00,12.00,144.00
Permanentes,Aguacate,Valle de Aburra,2010,Medellín,16.00,12.00,72.00
Transitorios,Ajo,Valle de Aburra,2010,Medellín,7.50,5.60,28.80
Transitorios,Apio,Valle de Aburra,2010,Medellín,31.00,23.10,452.40
Permanentes,Brevo,Valle de Aburra,2010,Medellín,7.00,5.00,45.00
Permanentes,Café,Valle de Aburra,2010,Medellín,1078.00,1078.00,862.40
Permanentes,Caña,Valle de Aburra,2010,Medellín,80.00,80.00,480.00
Transitorios,Cebolla Cabezona,Valle de Aburra,2010,Medellín,22.00,15.70,219.80
Permanentes,Cebolla Junca,Valle de Aburra,2010,Medellín,68.00,65.00,845.00
Transitorios,Cilantro,Valle de Aburra,2010,Medellín,63.00,41.00,225.00
Permanentes,Col,Valle de Aburra,2010,Medellín,14.00,14.00,70.00
Transitorios,Coliflor,Valle de Aburra,2010,Medellín,10.00,6.80,139.80
Transitorios,Espinaca,Valle de Aburra,2010,Medellín,28.00,20.70,372.60
Permanentes,Fresa,Valle de Aburra,2010,Medellín,18.00,15.00,105.00
Transitorios,Fríjol Arbustivo,Valle de Aburra,2010,Medellín,34.00,25.20,35.60
Transitorios,Fríjol Voluble,Valle de Aburra,2010,Medellín,69.00,44.60,89.20
Permanentes,Guayaba Manzána,Valle de Aburra,2010,Medellín,3.00,2.00,8.00
Transitorios,Habichuela,Valle de Aburra,2010,Medellín,24.00,15.60,109.20
Transitorios,Lechuga,Valle de Aburra,2010,Medellín,12.00,7.80,117.00
Permanentes,Limón Tahití,Valle de Aburra,2010,Medellín,6.00,5.00,40.00
Permanentes,Mandarina Oneco,Valle de Aburra,2010,Medellín,7.00,6.00,36.00
Permanentes,Mango,Valle de Aburra,2010,Medellín,8.00,8.00,80.00
Permanentes,Mora,Valle de Aburra,2010,Medellín,127.00,125.00,875.00
Permanentes,Naranja Valencia,Valle de Aburra,2010,Medellín,7.00,6.00,42.00
Transitorios,Papa,Valle de Aburra,2010,Medellín,85.00,59.00,1008.00
Transitorios,Pepino,Valle de Aburra,2010,Medellín,16.00,10.40,156.00
Transitorios,Pimentón,Valle de Aburra,2010,Medellín,34.00,22.20,266.40
Permanentes,Plátano En Asocio,Valle de Aburra,2010,Medellín,165.00,163.00,978.00
Transitorios,Remolacha,Valle de Aburra,2010,Medellín,18.00,11.70,175.50
Transitorios,Repollo,Valle de Aburra,2010,Medellín,12.00,7.80,234.00
Transitorios,Tomate Chonto Bajo Invernadero,Valle de Aburra,2010,Medellín,71.00,50.50,5858.00
Permanentes,Tomate De Árbol,Valle de Aburra,2010,Medellín,42.00,42.00,420.00
Anuales,Yuca,Valle de Aburra,2010,Medellín,20.00,20.00,400.00
Transitorios,Zanahoria,Valle de Aburra,2010,Medellín,12.00,7.80,93.60
Permanentes,Aguacate,Valle de Aburra,2011,Medellín,19.00,16.00,96.00
Transitorios,Ajo,Valle de Aburra,2011,Medellín,7.50,7.00,34.00
Transitorios,Apio,Valle de Aburra,2011,Medellín,31.00,27.00,526.00
Permanentes,Brevo,Valle de Aburra,2011,Medellín,9.00,7.00,63.00
Permanentes,Café,Valle de Aburra,2011,Medellín,1081.00,1058.00,846.40
Permanentes,Caña,Valle de Aburra,2011,Medellín,80.00,80.00,480.00
Transitorios,Cebolla Cabezona,Valle de Aburra,2011,Medellín,22.00,19.00,266.00
Permanentes,Cebolla Junca,Valle de Aburra,2011,Medellín,69.00,66.00,858.00
Transitorios,Cilantro,Valle de Aburra,2011,Medellín,63.00,54.00,294.00
Permanentes,Col,Valle de Aburra,2011,Medellín,16.00,16.00,80.00
Transitorios,Coliflor,Valle de Aburra,2011,Medellín,10.00,8.00,164.00
Transitorios,Espinaca,Valle de Aburra,2011,Medellín,28.00,24.00,432.00
Permanentes,Fresa,Valle de Aburra,2011,Medellín,20.00,17.00,119.00
Transitorios,Fríjol Arbustivo,Valle de Aburra,2011,Medellín,34.00,30.00,41.80
Transitorios,Fríjol Voluble,Valle de Aburra,2011,Medellín,69.00,65.00,130.00
Permanentes,Guayaba Manzána,Valle de Aburra,2011,Medellín,3.00,3.00,12.00
Transitorios,Habichuela,Valle de Aburra,2011,Medellín,24.00,20.00,140.00
Transitorios,Lechuga,Valle de Aburra,2011,Medellín,12.00,11.50,172.50
Permanentes,Limón Tahití,Valle de Aburra,2011,Medellín,6.00,6.00,48.00
Permanentes,Mandarina Oneco,Valle de Aburra,2011,Medellín,7.00,7.00,42.00
Permanentes,Mango,Valle de Aburra,2011,Medellín,9.00,8.00,80.00
Permanentes,Mora,Valle de Aburra,2011,Medellín,129.00,127.00,889.00
Permanentes,Naranja Valencia,Valle de Aburra,2011,Medellín,7.00,7.00,49.00
Transitorios,Papa,Valle de Aburra,2011,Medellín,85.00,70.00,1180.00
Transitorios,Pepino,Valle de Aburra,2011,Medellín,16.00,14.00,210.00
Transitorios,Pimentón,Valle de Aburra,2011,Medellín,34.00,24.00,288.00
Permanentes,Plátano En Asocio,Valle de Aburra,2011,Medellín,165.00,163.00,978.00
Transitorios,Remolacha,Valle de Aburra,2011,Medellín,18.00,17.00,255.00
Transitorios,Repollo,Valle de Aburra,2011,Medellín,12.00,11.00,330.00
Transitorios,Tomate Chonto Bajo Invernadero,Valle de Aburra,2011,Medellín,71.00,62.00,7192.00
Permanentes,Tomate De Árbol,Valle de Aburra,2011,Medellín,43.00,39.00,390.00
Anuales,Yuca,Valle de Aburra,2011,Medellín,20.00,20.00,400.00
Transitorios,Zanahoria,Valle de Aburra,2011,Medellín,12.00,11.00,132.00
Permanentes,Aguacate,Valle de Aburra,2012,Medellín,23.00,19.00,114.00
Transitorios,Ajo,Valle de Aburra,2012,Medellín,8.00,7.00,34.00
Transitorios,Apio,Valle de Aburra,2012,Medellín,31.00,28.00,545.00
Permanentes,Brevo,Valle de Aburra,2012,Medellín,10.50,8.00,56.00
Permanentes,Café,Valle de Aburra,2012,Medellín,1087.00,1074.00,859.20
Permanentes,Caña,Valle de Aburra,2012,Medellín,84.00,84.00,504.00
Transitorios,Cebolla Cabezona,Valle de Aburra,2012,Medellín,24.00,20.00,280.00
Permanentes,Cebolla Junca,Valle de Aburra,2012,Medellín,73.00,70.00,910.00
Transitorios,Cilantro,Valle de Aburra,2012,Medellín,66.00,63.00,340.00
Permanentes,Col,Valle de Aburra,2012,Medellín,19.00,17.00,85.00
Transitorios,Coliflor,Valle de Aburra,2012,Medellín,10.00,8.50,174.00
Transitorios,Espinaca,Valle de Aburra,2012,Medellín,28.00,26.00,468.00
Permanentes,Fresa,Valle de Aburra,2012,Medellín,19.00,17.00,119.00
Transitorios,Fríjol Arbustivo,Valle de Aburra,2012,Medellín,34.00,29.00,40.10
Transitorios,Fríjol Voluble,Valle de Aburra,2012,Medellín,72.00,64.00,128.00
Permanentes,Guayaba Manzána,Valle de Aburra,2012,Medellín,3.50,3.00,12.00
Transitorios,Habichuela,Valle de Aburra,2012,Medellín,24.00,21.00,147.00
Transitorios,Lechuga,Valle de Aburra,2012,Medellín,14.00,11.50,172.50
Permanentes,Limón Mandarino,Valle de Aburra,2012,Medellín,7.00,6.00,48.00
Permanentes,Mandarina Oneco,Valle de Aburra,2012,Medellín,10.00,7.00,42.00
Permanentes,Mango,Valle de Aburra,2012,Medellín,9.00,9.00,90.00
Permanentes,Mora,Valle de Aburra,2012,Medellín,137.00,135.00,945.00
Permanentes,Naranja Valencia,Valle de Aburra,2012,Medellín,9.00,7.00,49.00
Transitorios,Papa,Valle de Aburra,2012,Medellín,85.00,78.00,1318.00
Transitorios,Pepino,Valle de Aburra,2012,Medellín,17.00,14.00,210.00
Transitorios,Pimentón,Valle de Aburra,2012,Medellín,34.00,29.00,348.00
Permanentes,Plátano En Asocio,Valle de Aburra,2012,Medellín,173.50,172.00,1032.00
Transitorios,Remolacha,Valle de Aburra,2012,Medellín,18.00,17.00,255.00
Transitorios,Repollo,Valle de Aburra,2012,Medellín,13.00,10.00,300.00
Transitorios,Tomate Chonto Bajo Invernadero,Valle de Aburra,2012,Medellín,71.00,63.00,5348.00
Permanentes,Tomate De Árbol,Valle de Aburra,2012,Medellín,49.00,44.00,440.00
Anuales,Yuca,Valle de Aburra,2012,Medellín,20.00,20.00,400.00
Transitorios,Zanahoria,Valle de Aburra,2012,Medellín,12.00,10.50,126.00
Permanentes,Aguacate,Valle de Aburra,2013,Medellín,23.00,19.00,114.00
Transitorios,Ajo,Valle de Aburra,2013,Medellín,8.00,7.00,34.00
Transitorios,Apio,Valle de Aburra,2013,Medellín,31.00,28.00,545.00
Permanentes,Brevo,Valle de Aburra,2013,Medellín,10.50,10.50,73.50
Permanentes,Café,Valle de Aburra,2013,Medellín,1087.00,1077.00,861.60
Permanentes,Caña,Valle de Aburra,2013,Medellín,84.00,84.00,504.00
Transitorios,Cebolla Cabezona,Valle de Aburra,2013,Medellín,24.00,20.00,280.00
Permanentes,Cebolla Junca,Valle de Aburra,2013,Medellín,73.00,73.00,949.00
Transitorios,Cilantro,Valle de Aburra,2013,Medellín,66.00,63.00,340.00
Permanentes,Col,Valle de Aburra,2013,Medellín,19.00,19.00,95.00
Transitorios,Coliflor,Valle de Aburra,2013,Medellín,10.00,8.50,174.00
Transitorios,Espinaca,Valle de Aburra,2013,Medellín,28.00,26.00,468.00
Permanentes,Fresa,Valle de Aburra,2013,Medellín,19.00,19.00,133.00
Transitorios,Fríjol Arbustivo,Valle de Aburra,2013,Medellín,34.00,29.00,40.10
Transitorios,Fríjol Voluble,Valle de Aburra,2013,Medellín,72.00,64.00,128.00
Permanentes,Guayaba Manzána,Valle de Aburra,2013,Medellín,3.50,3.00,12.00
Transitorios,Habichuela,Valle de Aburra,2013,Medellín,24.00,21.00,147.00
Transitorios,Lechuga,Valle de Aburra,2013,Medellín,14.00,11.50,172.50
Permanentes,Limón Mandarino,Valle de Aburra,2013,Medellín,7.00,6.00,48.00
Permanentes,Mandarina Oneco,Valle de Aburra,2013,Medellín,10.00,7.00,42.00
Permanentes,Mango,Valle de Aburra,2013,Medellín,9.00,9.00,90.00
Permanentes,Mora,Valle de Aburra,2013,Medellín,137.00,137.00,959.00
Permanentes,Naranja Valencia,Valle de Aburra,2013,Medellín,9.00,7.00,49.00
Transitorios,Papa,Valle de Aburra,2013,Medellín,85.00,78.00,1318.00
Transitorios,Pepino,Valle de Aburra,2013,Medellín,17.00,14.00,210.00
Transitorios,Pimentón,Valle de Aburra,2013,Medellín,34.00,29.00,348.00
Permanentes,Plátano En Asocio,Valle de Aburra,2013,Medellín,173.50,173.50,1041.00
Transitorios,Remolacha,Valle de Aburra,2013,Medellín,18.00,17.00,255.00
Transitorios,Repollo,Valle de Aburra,2013,Medellín,13.00,10.00,300.00
Transitorios,Tomate Chonto Bajo Invernadero,Valle de Aburra,2013,Medellín,71.00,63.00,7348.00
Permanentes,Tomate De Árbol,Valle de Aburra,2013,Medellín,48.00,48.00,480.00
Anuales,Yuca,Valle de Aburra,2013,Medellín,20.00,20.00,400.00
Transitorios,Zanahoria,Valle de Aburra,2013,Medellín,12.00,10.50,126.00
Permanentes,Aguacate,Valle de Aburra,2014,Medellín,28.00,23.00,138.00
Transitorios,Ajo,Valle de Aburra,2014,Medellín,8.00,8.00,32.00
Transitorios,Apio,Valle de Aburra,2014,Medellín,32.00,30.00,570.00
Permanentes,Brevo,Valle de Aburra,2014,Medellín,13.50,10.50,73.50
Permanentes,Café,Valle de Aburra,2014,Medellín,1090.00,1087.00,869.60
Permanentes,Caña,Valle de Aburra,2014,Medellín,90.00,84.00,504.00
Transitorios,Cebolla Cabezona,Valle de Aburra,2014,Medellín,26.00,24.00,336.00
Permanentes,Cebolla Junca,Valle de Aburra,2014,Medellín,77.00,77.00,1001.00
Transitorios,Cilantro,Valle de Aburra,2014,Medellín,76.00,76.00,380.00
Permanentes,Col,Valle de Aburra,2014,Medellín,19.00,19.00,95.00
Transitorios,Coliflor,Valle de Aburra,2014,Medellín,10.00,10.00,192.00
Transitorios,Espinaca,Valle de Aburra,2014,Medellín,30.00,28.00,504.00
Permanentes,Fresa,Valle de Aburra,2014,Medellín,21.00,21.00,147.00
Transitorios,Fríjol Arbustivo,Valle de Aburra,2014,Medellín,24.00,24.00,31.00
Transitorios,Fríjol Voluble,Valle de Aburra,2014,Medellín,80.00,76.00,152.00
Permanentes,Guayaba Manzána,Valle de Aburra,2014,Medellín,3.50,3.50,14.00
Transitorios,Habichuela,Valle de Aburra,2014,Medellín,24.00,22.00,154.00
Transitorios,Lechuga,Valle de Aburra,2014,Medellín,16.00,14.00,210.00
Permanentes,Limón Tahití,Valle de Aburra,2014,Medellín,7.00,7.00,56.00
Permanentes,Mandarina Oneco,Valle de Aburra,2014,Medellín,11.00,10.00,60.00
Permanentes,Mango Injerto,Valle de Aburra,2014,Medellín,9.00,9.00,90.00
Permanentes,Mora,Valle de Aburra,2014,Medellín,142.50,137.00,959.00
Permanentes,Naranja Valencia,Valle de Aburra,2014,Medellín,10.00,9.00,63.00
Transitorios,Papa,Valle de Aburra,2014,Medellín,96.00,94.00,1504.00
Transitorios,Pepino,Valle de Aburra,2014,Medellín,18.00,16.00,240.00
Transitorios,Pimentón,Valle de Aburra,2014,Medellín,34.00,30.00,360.00
Permanentes,Plátano En Asocio,Valle de Aburra,2014,Medellín,180.00,173.50,1041.00
Transitorios,Remolacha,Valle de Aburra,2014,Medellín,18.00,18.00,270.00
Transitorios,Repollo,Valle de Aburra,2014,Medellín,14.00,12.00,360.00
Transitorios,Tomate Chonto Bajo Invernadero,Valle de Aburra,2014,Medellín,92.00,86.00,9976.00
Permanentes,Tomate De Árbol,Valle de Aburra,2014,Medellín,48.00,48.00,480.00
Anuales,Yuca,Valle de Aburra,2014,Medellín,20.00,20.00,400.00
Transitorios,Zanahoria,Valle de Aburra,2014,Medellín,12.00,12.00,144.00
Permanentes,Aguacate,Valle de Aburra,2015,Medellín,33.00,28.00,168.00
Transitorios,Ajo,Valle de Aburra,2015,Medellín,5.00,3.00,12.00
Transitorios,Apio,Valle de Aburra,2015,Medellín,23.00,16.00,304.00
Permanentes,Brevo,Valle de Aburra,2015,Medellín,16.50,16.50,115.50
Permanentes,Café,Valle de Aburra,2015,Medellín,1201.00,1144.00,915.20
Permanentes,Caña,Valle de Aburra,2015,Medellín,112.20,90.00,540.00
Transitorios,Cebolla Cabezona,Valle de Aburra,2015,Medellín,18.00,14.50,203.00
Permanentes,Cebolla Junca,Valle de Aburra,2015,Medellín,81.00,81.00,1053.00
Transitorios,Cilantro,Valle de Aburra,2015,Medellín,63.00,55.00,275.00
Permanentes,Col,Valle de Aburra,2015,Medellín,19.00,19.00,95.00
Transitorios,Coliflor,Valle de Aburra,2015,Medellín,8.00,7.00,140.00
Transitorios,Espinaca,Valle de Aburra,2015,Medellín,21.00,15.00,270.00
Permanentes,Fresa,Valle de Aburra,2015,Medellín,28.00,28.00,196.00
Transitorios,Fríjol Arbustivo,Valle de Aburra,2015,Medellín,17.20,12.80,16.64
Transitorios,Fríjol Voluble,Valle de Aburra,2015,Medellín,64.00,54.00,108.00
Permanentes,Guayaba Manzána,Valle de Aburra,2015,Medellín,3.50,3.50,14.00
Transitorios,Habichuela,Valle de Aburra,2015,Medellín,17.20,13.50,94.50
Transitorios,Lechuga,Valle de Aburra,2015,Medellín,11.20,8.50,127.50
Permanentes,Limón Tahití,Valle de Aburra,2015,Medellín,7.00,7.00,56.00
Permanentes,Mandarina Oneco,Valle de Aburra,2015,Medellín,14.00,13.00,78.00
Permanentes,Mango Injerto,Valle de Aburra,2015,Medellín,9.00,9.00,90.00
Permanentes,Mora,Valle de Aburra,2015,Medellín,149.50,149.50,1046.50
Permanentes,Naranja Valencia,Valle de Aburra,2015,Medellín,10.00,9.00,63.00
Transitorios,Papa,Valle de Aburra,2015,Medellín,78.00,65.00,1040.00
Transitorios,Pepino,Valle de Aburra,2015,Medellín,13.00,9.00,135.00
Transitorios,Pimentón,Valle de Aburra,2015,Medellín,23.00,18.00,216.00
Permanentes,Plátano En Asocio,Valle de Aburra,2015,Medellín,180.00,180.00,1080.00
Transitorios,Remolacha,Valle de Aburra,2015,Medellín,14.00,10.00,150.00
Transitorios,Repollo,Valle de Aburra,2015,Medellín,9.50,6.50,195.00
Transitorios,Tomate Chonto Bajo Invernadero,Valle de Aburra,2015,Medellín,68.00,60.00,6960.00
Permanentes,Tomate De Árbol,Valle de Aburra,2015,Medellín,48.00,48.00,480.00
Anuales,Yuca,Valle de Aburra,2015,Medellín,15.00,12.00,240.00
Transitorios,Zanahoria,Valle de Aburra,2015,Medellín,10.00,6.50,78.00
Permanentes,Aguacate,Valle de Aburra,2016,Medellín,33.00,33.00,198.00
Transitorios,Ajo,Valle de Aburra,2016,Medellín,5.00,4.00,16.00
Transitorios,Apio,Valle de Aburra,2016,Medellín,23.00,20.80,395.20
Permanentes,Brevo,Valle de Aburra,2016,Medellín,16.50,16.50,115.50
Permanentes,Café,Valle de Aburra,2016,Medellín,1201.00,1201.00,960.80
Permanentes,Caña,Valle de Aburra,2016,Medellín,112.20,112.20,673.20
Transitorios,Cebolla Cabezona,Valle de Aburra,2016,Medellín,18.00,15.90,222.60
Permanentes,Cebolla Junca,Valle de Aburra,2016,Medellín,81.00,81.00,1053.00
Transitorios,Cilantro,Valle de Aburra,2016,Medellín,63.00,60.50,302.50
Permanentes,Col,Valle de Aburra,2016,Medellín,19.00,19.00,95.00
Transitorios,Coliflor,Valle de Aburra,2016,Medellín,8.00,7.30,146.00
Transitorios,Espinaca,Valle de Aburra,2016,Medellín,21.00,18.80,338.40
Permanentes,Fresa,Valle de Aburra,2016,Medellín,28.00,28.00,196.00
Transitorios,Fríjol Arbustivo,Valle de Aburra,2016,Medellín,17.20,15.00,19.50
Transitorios,Fríjol Voluble,Valle de Aburra,2016,Medellín,64.00,58.50,117.00
Permanentes,Guayaba Manzána,Valle de Aburra,2016,Medellín,3.50,3.50,14.00
Transitorios,Habichuela,Valle de Aburra,2016,Medellín,17.20,15.00,105.00
Transitorios,Lechuga,Valle de Aburra,2016,Medellín,11.20,10.00,150.00
Permanentes,Limón Tahití,Valle de Aburra,2016,Medellín,7.00,7.00,56.00
Permanentes,Mandarina Oneco,Valle de Aburra,2016,Medellín,14.00,14.00,84.00
Permanentes,Mango Injerto,Valle de Aburra,2016,Medellín,9.00,9.00,54.00
Permanentes,Mora,Valle de Aburra,2016,Medellín,149.50,149.50,1046.50
Permanentes,Naranja Valencia,Valle de Aburra,2016,Medellín,10.00,10.00,70.00
Transitorios,Papa,Valle de Aburra,2016,Medellín,78.00,69.00,1104.00
Transitorios,Pepino,Valle de Aburra,2016,Medellín,13.00,10.80,162.00
Transitorios,Pimentón,Valle de Aburra,2016,Medellín,23.00,21.80,261.60
Permanentes,Plátano En Asocio,Valle de Aburra,2016,Medellín,160.00,160.00,960.00
Transitorios,Remolacha,Valle de Aburra,2016,Medellín,14.00,12.40,186.00
Transitorios,Repollo,Valle de Aburra,2016,Medellín,9.50,7.70,231.00
Transitorios,Tomate Chonto Bajo Invernadero,Valle de Aburra,2016,Medellín,92.00,88.00,10208.00
Permanentes,Tomate De Árbol,Valle de Aburra,2016,Medellín,48.00,48.00,480.00
Anuales,Yuca,Valle de Aburra,2016,Medellín,15.00,14.00,280.00
Transitorios,Zanahoria,Valle de Aburra,2016,Medellín,10.00,7.80,93.60
Permanentes,Aguacate,Valle de Aburra,2017,Medellín,33.00,33.00,198.00
Transitorios,Ajo,Valle de Aburra,2017,Medellín,8.00,6.00,24.00
Transitorios,Apio,Valle de Aburra,2017,Medellín,31.00,28.00,532.00
Permanentes,Brevo,Valle de Aburra,2017,Medellín,17.50,16.50,115.50
Permanentes,Café,Valle de Aburra,2017,Medellín,1201.00,1201.00,960.80
Permanentes,Caña,Valle de Aburra,2017,Medellín,112.20,112.20,673.20
Transitorios,Cebolla Cabezona,Valle de Aburra,2017,Medellín,23.00,20.00,280.00
Permanentes,Cebolla Junca,Valle de Aburra,2017,Medellín,81.00,81.00,1053.00
Transitorios,Cilantro,Valle de Aburra,2017,Medellín,68.00,58.00,290.00
Permanentes,Col,Valle de Aburra,2017,Medellín,19.00,19.00,95.00
Transitorios,Coliflor,Valle de Aburra,2017,Medellín,9.00,7.50,150.00
Transitorios,Espinaca,Valle de Aburra,2017,Medellín,29.00,25.00,450.00
Permanentes,Fresa,Valle de Aburra,2017,Medellín,28.00,28.00,196.00
Transitorios,Fríjol Arbustivo,Valle de Aburra,2017,Medellín,22.00,18.00,23.40
Transitorios,Fríjol Voluble,Valle de Aburra,2017,Medellín,75.00,65.00,130.00
Permanentes,Guayaba Manzána,Valle de Aburra,2017,Medellín,3.50,3.50,14.00
Transitorios,Habichuela,Valle de Aburra,2017,Medellín,22.00,18.00,126.00
Transitorios,Lechuga,Valle de Aburra,2017,Medellín,13.50,10.70,160.50
Permanentes,Limón Tahití,Valle de Aburra,2017,Medellín,7.00,7.00,56.00
Permanentes,Mandarina Oneco,Valle de Aburra,2017,Medellín,14.00,14.00,84.00
Permanentes,Mango Injerto,Valle de Aburra,2017,Medellín,9.00,9.00,54.00
Permanentes,Mora,Valle de Aburra,2017,Medellín,150.50,149.50,1046.50
Permanentes,Naranja Valencia,Valle de Aburra,2017,Medellín,12.00,10.00,70.00
Transitorios,Papa,Valle de Aburra,2017,Medellín,91.00,82.00,1312.00
Transitorios,Pepino,Valle de Aburra,2017,Medellín,18.00,13.50,202.50
Transitorios,Pimentón,Valle de Aburra,2017,Medellín,32.00,28.00,336.00
Permanentes,Plátano En Asocio,Valle de Aburra,2017,Medellín,160.00,160.00,960.00
Transitorios,Remolacha,Valle de Aburra,2017,Medellín,18.00,14.50,217.50
Transitorios,Repollo,Valle de Aburra,2017,Medellín,13.00,10.50,315.00
Transitorios,Tomate Chonto Bajo Invernadero,Valle de Aburra,2017,Medellín,92.00,82.00,9512.00
Permanentes,Tomate De Árbol,Valle de Aburra,2017,Medellín,48.00,48.00,480.00
Anuales,Yuca,Valle de Aburra,2017,Medellín,15.00,14.00,280.00
Transitorios,Zanahoria,Valle de Aburra,2017,Medellín,12.00,10.50,126.00
Permanentes,Aguacate,Valle de Aburra,2018,Medellín,34.00,33.00,198.00
Transitorios,Ajo,Valle de Aburra,2018,Medellín,8.00,7.00,28.00
Transitorios,Apio,Valle de Aburra,2018,Medellín,30.00,29.00,551.00
Permanentes,Brevo,Valle de Aburra,2018,Medellín,17.80,17.80,124.60
Permanentes,Café,Valle de Aburra,2018,Medellín,1191.00,1191.00,952.80
Permanentes,Caña,Valle de Aburra,2018,Medellín,100.20,100.20,601.20
Transitorios,Cebolla Cabezona,Valle de Aburra,2018,Medellín,20.00,19.00,266.00
Transitorios,Cebolla Junca,Valle de Aburra,2018,Medellín,80.00,80.00,1040.00
Transitorios,Cilantro,Valle de Aburra,2018,Medellín,60.00,58.00,290.00
Permanentes,Col,Valle de Aburra,2018,Medellín,19.00,19.00,95.00
Transitorios,Coliflor,Valle de Aburra,2018,Medellín,8.00,7.50,150.00
Transitorios,Espinaca,Valle de Aburra,2018,Medellín,28.00,27.00,486.00
Permanentes,Fresa,Valle de Aburra,2018,Medellín,29.00,29.00,203.00
Transitorios,Fríjol Arbustivo,Valle de Aburra,2018,Medellín,20.00,19.00,24.70
Transitorios,Fríjol Voluble,Valle de Aburra,2018,Medellín,70.00,69.00,138.00
Permanentes,Guayaba Manzána,Valle de Aburra,2018,Medellín,3.50,3.50,14.00
Transitorios,Habichuela,Valle de Aburra,2018,Medellín,20.00,18.00,126.00
Transitorios,Lechuga,Valle de Aburra,2018,Medellín,11.00,10.30,154.50
Permanentes,Limón Tahití,Valle de Aburra,2018,Medellín,7.50,7.00,56.00
Permanentes,Mandarina Oneco,Valle de Aburra,2018,Medellín,14.50,14.00,84.00
Permanentes,Mango Injerto,Valle de Aburra,2018,Medellín,9.00,9.00,54.00
Permanentes,Mora,Valle de Aburra,2018,Medellín,151.00,151.00,1057.00
Permanentes,Naranja Valencia,Valle de Aburra,2018,Medellín,12.50,12.00,84.00
Transitorios,Papa,Valle de Aburra,2018,Medellín,86.00,85.00,1360.00
Transitorios,Pepino,Valle de Aburra,2018,Medellín,18.00,17.50,262.50
Transitorios,Pimentón,Valle de Aburra,2018,Medellín,30.00,28.00,336.00
Permanentes,Plátano En Asocio,Valle de Aburra,2018,Medellín,160.00,160.00,960.00
Transitorios,Remolacha,Valle de Aburra,2018,Medellín,18.00,17.50,262.50
Transitorios,Repollo,Valle de Aburra,2018,Medellín,12.00,11.00,330.00
Transitorios,Tomate Chonto Bajo Invernadero,Valle de Aburra,2018,Medellín,92.00,91.50,10614.00
Permanentes,Tomate De Árbol,Valle de Aburra,2018,Medellín,40.00,40.00,400.00
Anuales,Yuca,Valle de Aburra,2018,Medellín,15.00,14.00,280.00
Transitorios,Zanahoria,Valle de Aburra,2018,Medellín,12.00,11.00,132.00
Permanentes,Aguacate,Valle de Aburra,2019,Medellín,24.00,23.00,138.00
Transitorios,Ajo,Valle de Aburra,2019,Medellín,6.00,6.00,24.00
Transitorios,Apio,Valle de Aburra,2019,Medellín,24.00,24.00,456.00
Permanentes,Brevo,Valle de Aburra,2019,Medellín,14.80,14.80,103.60
Permanentes,Café,Valle de Aburra,2019,Medellín,991.00,991.00,792.80
Permanentes,Caña,Valle de Aburra,2019,Medellín,80.20,80.20,481.20
Transitorios,Cebolla Cabezona,Valle de Aburra,2019,Medellín,16.00,16.00,224.00
Transitorios,Cebolla Junca,Valle de Aburra,2019,Medellín,80.00,80.00,1040.00
Transitorios,Cilantro,Valle de Aburra,2019,Medellín,56.00,56.00,280.00
Permanentes,Col,Valle de Aburra,2019,Medellín,19.00,19.00,95.00
Transitorios,Coliflor,Valle de Aburra,2019,Medellín,6.00,6.00,120.00
Transitorios,Espinaca,Valle de Aburra,2019,Medellín,24.00,24.00,432.00
Permanentes,Fresa,Valle de Aburra,2019,Medellín,29.00,29.00,203.00
Transitorios,Fríjol Arbustivo,Valle de Aburra,2019,Medellín,20.00,20.00,26.00
Transitorios,Fríjol Voluble,Valle de Aburra,2019,Medellín,66.00,66.00,132.00
Permanentes,Guayaba Manzána,Valle de Aburra,2019,Medellín,2.50,2.50,10.00
Transitorios,Habichuela,Valle de Aburra,2019,Medellín,16.00,16.00,112.00
Transitorios,Lechuga,Valle de Aburra,2019,Medellín,9.00,9.50,142.50
Permanentes,Limón Tahití,Valle de Aburra,2019,Medellín,7.50,7.00,56.00
Permanentes,Mandarina Oneco,Valle de Aburra,2019,Medellín,14.50,14.00,84.00
Permanentes,Mango Injerto,Valle de Aburra,2019,Medellín,8.00,8.00,48.00
Permanentes,Mora,Valle de Aburra,2019,Medellín,146.00,146.00,1022.00
Permanentes,Naranja Valencia,Valle de Aburra,2019,Medellín,12.50,12.00,84.00
Transitorios,Papa,Valle de Aburra,2019,Medellín,80.00,80.00,1280.00
Transitorios,Pepino,Valle de Aburra,2019,Medellín,16.00,16.00,240.00
Transitorios,Pimentón,Valle de Aburra,2019,Medellín,28.00,28.00,336.00
Permanentes,Plátano En Asocio,Valle de Aburra,2019,Medellín,160.00,160.00,960.00
Transitorios,Remolacha,Valle de Aburra,2019,Medellín,16.00,16.00,240.00
Transitorios,Repollo,Valle de Aburra,2019,Medellín,10.00,10.00,300.00
Transitorios,Tomate Chonto Bajo Invernadero,Valle de Aburra,2019,Medellín,80.00,86.00,9976.00
Permanentes,Tomate De Árbol,Valle de Aburra,2019,Medellín,35.00,35.00,350.00
Anuales,Yuca,Valle de Aburra,2019,Medellín,10.00,9.00,180.00
Transitorios,Zanahoria,Valle de Aburra,2019,Medellín,10.00,10.00,120.00
Permanentes,Aguacate,Valle de Aburra,2020,Medellín,19.00,19.00,114.00
Transitorios,Ajo,Valle de Aburra,2020,Medellín,4.00,4.00,16.00
Transitorios,Apio,Valle de Aburra,2020,Medellín,16.00,16.00,304.00
Permanentes,Brevo,Valle de Aburra,2020,Medellín,11.80,11.80,82.60
Permanentes,Café,Valle de Aburra,2020,Medellín,791.00,791.00,632.80
Permanentes,Caña,Valle de Aburra,2020,Medellín,70.20,70.20,421.20
Transitorios,Cebolla Cabezona,Valle de Aburra,2020,Medellín,10.00,10.00,140.00
Transitorios,Cebolla Junca,Valle de Aburra,2020,Medellín,80.00,80.00,1040.00
Transitorios,Cilantro,Valle de Aburra,2020,Medellín,50.00,50.00,250.00
Permanentes,Col,Valle de Aburra,2020,Medellín,17.00,17.00,85.00
Transitorios,Coliflor,Valle de Aburra,2020,Medellín,6.00,6.00,120.00
Transitorios,Espinaca,Valle de Aburra,2020,Medellín,20.00,20.00,360.00
Permanentes,Fresa,Valle de Aburra,2020,Medellín,29.00,29.00,203.00
Transitorios,Fríjol Arbustivo,Valle de Aburra,2020,Medellín,20.00,20.00,26.00
Transitorios,Fríjol Voluble,Valle de Aburra,2020,Medellín,45.00,45.00,90.00
Permanentes,Guayaba Manzána,Valle de Aburra,2020,Medellín,1.50,1.50,6.00
Transitorios,Habichuela,Valle de Aburra,2020,Medellín,9.00,9.00,63.00
Transitorios,Lechuga,Valle de Aburra,2020,Medellín,8.00,8.00,120.00
Permanentes,Limón Tahití,Valle de Aburra,2020,Medellín,7.50,7.50,60.00
Permanentes,Mandarina Oneco,Valle de Aburra,2020,Medellín,14.50,14.50,87.00
Permanentes,Mango Injerto,Valle de Aburra,2020,Medellín,7.00,7.00,42.00
Permanentes,Mora,Valle de Aburra,2020,Medellín,136.00,136.00,952.00
Permanentes,Naranja Valencia,Valle de Aburra,2020,Medellín,12.50,12.50,87.50
Transitorios,Papa,Valle de Aburra,2020,Medellín,65.00,65.00,1040.00
Transitorios,Pepino,Valle de Aburra,2020,Medellín,10.00,10.00,150.00
Transitorios,Pimentón,Valle de Aburra,2020,Medellín,18.00,18.00,216.00
Permanentes,Plátano En Asocio,Valle de Aburra,2020,Medellín,160.00,160.00,960.00
Transitorios,Remolacha,Valle de Aburra,2020,Medellín,12.00,12.00,180.00
Transitorios,Repollo,Valle de Aburra,2020,Medellín,8.00,8.00,240.00
Transitorios,Tomate Chonto Bajo Invernadero,Valle de Aburra,2020,Medellín,65.00,65.00,7540.00
Permanentes,Tomate De Árbol,Valle de Aburra,2020,Medellín,30.00,30.00,300.00
Anuales,Yuca,Valle de Aburra,2020,Medellín,10.00,9.00,180.00
Transitorios,Zanahoria,Valle de Aburra,2020,Medellín,10.00,10.00,120.00
Permanentes,Aguacate,Valle de Aburra,2021,Medellín,15.00,15.00,90.00
Transitorios,Ajo,Valle de Aburra,2021,Medellín,4.00,4.00,16.00
Transitorios,Apio,Valle de Aburra,2021,Medellín,16.00,16.00,304.00
Permanentes,Brevo,Valle de Aburra,2021,Medellín,6.80,6.80,47.60
Permanentes,Café,Valle de Aburra,2021,Medellín,440.60,440.60,352.48
Permanentes,Caña,Valle de Aburra,2021,Medellín,77.20,77.20,463.20
Transitorios,Cebolla Cabezona,Valle de Aburra,2021,Medellín,10.00,10.00,140.00
Transitorios,Cebolla Junca,Valle de Aburra,2021,Medellín,80.00,80.00,1040.00
Transitorios,Cilantro,Valle de Aburra,2021,Medellín,50.00,50.00,250.00
Permanentes,Col,Valle de Aburra,2021,Medellín,2.00,2.00,10.00
Transitorios,Coliflor,Valle de Aburra,2021,Medellín,6.00,6.00,120.00
Transitorios,Espinaca,Valle de Aburra,2021,Medellín,20.00,20.00,360.00
Permanentes,Fresa,Valle de Aburra,2021,Medellín,24.00,24.00,168.00
Transitorios,Fríjol Arbustivo,Valle de Aburra,2021,Medellín,20.00,20.00,26.00
Transitorios,Fríjol Voluble,Valle de Aburra,2021,Medellín,45.00,45.00,90.00
Permanentes,Guayaba Manzána,Valle de Aburra,2021,Medellín,1.00,1.00,4.00
Transitorios,Habichuela,Valle de Aburra,2021,Medellín,9.00,9.00,63.00
Transitorios,Lechuga,Valle de Aburra,2021,Medellín,8.00,8.00,120.00
Permanentes,Limón Tahití,Valle de Aburra,2021,Medellín,4.50,4.50,36.00
Permanentes,Mandarina Oneco,Valle de Aburra,2021,Medellín,10.50,10.50,63.00
Permanentes,Mango Injerto,Valle de Aburra,2021,Medellín,4.00,4.00,24.00
Permanentes,Mora,Valle de Aburra,2021,Medellín,86.00,86.00,602.00
Permanentes,Naranja Valencia,Valle de Aburra,2021,Medellín,8.50,8.50,59.50
Transitorios,Papa,Valle de Aburra,2021,Medellín,65.00,65.00,1040.00
Transitorios,Pepino,Valle de Aburra,2021,Medellín,10.00,10.00,150.00
Transitorios,Pimentón,Valle de Aburra,2021,Medellín,18.00,18.00,216.00
Permanentes,Plátano En Asocio,Valle de Aburra,2021,Medellín,120.00,120.00,720.00
Transitorios,Remolacha,Valle de Aburra,2021,Medellín,12.00,12.00,180.00
Transitorios,Repollo,Valle de Aburra,2021,Medellín,8.00,8.00,240.00
Transitorios,Tomate Chonto Bajo Invernadero,Valle de Aburra,2021,Medellín,65.00,65.00,7540.00
Permanentes,Tomate De Árbol,Valle de Aburra,2021,Medellín,10.00,10.00,100.00
Anuales,Yuca,Valle de Aburra,2021,Medellín,10.00,9.00,180.00
Transitorios,Zanahoria,Valle de Aburra,2021,Medellín,10.00,10.00,120.00
Permanentes,Aguacate Hass,Valle de Aburra,2022,Medellín,15.00,15.00,90.00
Transitorios,Ahuyama,Valle de Aburra,2022,Medellín,0.20,0.20,2.70
Transitorios,Ají,Valle de Aburra,2022,Medellín,2.98,2.98,23.99
Transitorios,Ajo,Valle de Aburra,2022,Medellín,4.00,4.00,40.00
Transitorios,Apio,Valle de Aburra,2022,Medellín,16.00,16.00,279.44
Transitorios,Arveja,Valle de Aburra,2022,Medellín,0.16,0.16,0.30
Permanentes,Brevo,Valle de Aburra,2022,Medellín,12.00,12.00,84.00
Transitorios,Brócoli,Valle de Aburra,2022,Medellín,14.00,13.00,236.00
Permanentes,Café,Valle de Aburra,2022,Medellín,456.60,440.60,321.64
Permanentes,Caña,Valle de Aburra,2022,Medellín,92.20,77.20,463.20
Transitorios,Cebolla Junca,Valle de Aburra,2022,Medellín,292.90,287.90,4030.60
Transitorios,Cilantro,Valle de Aburra,2022,Medellín,28.78,28.78,139.58
Permanentes,Col,Valle de Aburra,2022,Medellín,14.39,14.39,82.02
Transitorios,Coliflor,Valle de Aburra,2022,Medellín,6.00,6.00,120.00
Permanentes,Fresa,Valle de Aburra,2022,Medellín,34.00,29.00,203.00
Transitorios,Fríjol Voluble,Valle de Aburra,2022,Medellín,29.55,43.00,82.99
Permanentes,Guayaba Manzána,Valle de Aburra,2022,Medellín,1.00,1.00,4.00
Transitorios,Haba,Valle de Aburra,2022,Medellín,1.05,30.90,20.70
Transitorios,Hortalizas Varias,Valle de Aburra,2022,Medellín,152.94,152.94,994.11
Transitorios,Lechuga,Valle de Aburra,2022,Medellín,49.51,49.51,742.65
Permanentes,Limón Tahití,Valle de Aburra,2022,Medellín,8.80,4.50,36.00
Permanentes,Mandarina Oneco,Valle de Aburra,2022,Medellín,14.50,14.50,87.00
Permanentes,Mango Injerto,Valle de Aburra,2022,Medellín,7.00,7.00,42.00
Permanentes,Mora,Valle de Aburra,2022,Medellín,131.00,126.00,882.00
Permanentes,Naranja Valencia,Valle de Aburra,2022,Medellín,14.10,12.50,87.50
Transitorios,Papa,Valle de Aburra,2022,Medellín,81.36,81.36,1342.44
Transitorios,Perejil,Valle de Aburra,2022,Medellín,4.30,4.30,34.40
Transitorios,Pimentón,Valle de Aburra,2022,Medellín,1.70,1.65,18.15
Permanentes,Plátano En Asocio,Valle de Aburra,2022,Medellín,166.76,120.00,720.00
Transitorios,Rábano,Valle de Aburra,2022,Medellín,0.80,0.80,13.40
Transitorios,Remolacha,Valle de Aburra,2022,Medellín,0.20,0.20,3.60
Transitorios,Repollo,Valle de Aburra,2022,Medellín,2.10,2.10,63.00
Permanentes,Tomate De Árbol,Valle de Aburra,2022,Medellín,9.40,9.40,94.00
Transitorios,Tomate Chonto Bajo Invernadero,Valle de Aburra,2022,Medellín,36.64,36.64,4030.40
Anuales,Yuca,Valle de Aburra,2022,Medellín,4.72,1.72,25.85
Transitorios,Zanahoria,Valle de Aburra,2022,Medellín,1.75,1.75,26.25
